"item_name","brand","category","description","has_variants","active","source","source_product_url","selection_tier"
"LuxUrux Toilet Lid Cover, Extra-Soft Plush Seat Cloud Washable Shaggy Microfiber Standard Toilet Lid Covers for Bathroom Machine Wash & Dry. (18 x 21'', Charcoal)","LuxUrux","[""Home & Kitchen"",""Bath"",""Bathroom Accessories"",""Toilet Accessories"",""Toilet Lid & Tank Covers""]","Real ecommerce product listing from Amazon sample. V8.2 retained only the primary listing image after exact-record, download, and commercial-layout checks.","False","True","Amazon sample","https://www.amazon.com/LuxUrux-Extra-Soft-Washable-Microfiber-Elongated/dp/B08BG7QL1R","GENERAL_COMMERCIAL"
"NICETOWN Room Darkening Tier Valance - 52 inches by 18 inches Scalloped Rod Pocket Valance Curtain Panel for Small/Bay/Kitchen/Bathroom Window, Biscotti Beige, 1 Panel","NICETOWN","[""Home & Kitchen"",""Home Décor Products"",""Window Treatments"",""Curtains & Drapes"",""Valances""]","Real ecommerce product listing from Amazon sample. V8.2 retained only the primary listing image after exact-record, download, and commercial-layout checks.","False","True","Amazon sample","https://www.amazon.com/NICETOWN-Room-Darkening-Tier-Valance/dp/B01GPNI188","GENERAL_COMMERCIAL"
"Hardwired LED Under Cabinet Lighting - 16 Watt, 24"", Dimmable, CRI>90, 3000K (Warm White), Under Cabinet Lights for Kitchen - Wide Body, Long Lasting Metal Base with Frost Lens - Under Counter Lights","harrrrd","[""Tools & Home Improvement"",""Lighting & Ceiling Fans"",""Wall Lights"",""Under-Cabinet Lights""]","Real ecommerce product listing from Amazon sample. V8.2 retained only the primary listing image after exact-record, download, and commercial-layout checks.","False","True","Amazon sample","https://www.amazon.com/dp/B06XXSR7CQ?th=1&psc=1&currency=USD&language=en_GB","GENERAL_COMMERCIAL"
"Micro Kickboard - Maxi Original 3-Wheeled, Lean-to-Steer, Swiss-Designed Micro Scooter for Kids, Ages 5-12","Micro Kickboard","[""Sports & Outdoors"",""Sports"",""Skates, Skateboards & Scooters"",""Scooters & Equipment"",""Scooters"",""Kick Scooters""]","Real ecommerce product listing from Amazon sample. V8.2 retained only the primary listing image after exact-record, download, and commercial-layout checks.","False","True","Amazon sample","https://www.amazon.com/Micro-Original-3-Wheeled-Swiss-Designed-Scooter/dp/B07BW53Z3R","GENERAL_COMMERCIAL"
"Cricut Premium Permanent Vinyl Warm Colors Bundle Autumn Fall Harvest for Walls Decals Decorations Signs","Cricut","[""Arts, Crafts & Sewing"",""Scrapbooking & Stamping"",""Adhesive Vinyl""]","Real ecommerce product listing from Amazon sample. V8.2 retained only the primary listing image after exact-record, download, and commercial-layout checks.","False","True","Amazon sample","https://www.amazon.com/dp/B07TC4HTJ2?language=en_US&currency=USD","GENERAL_COMMERCIAL"
"VEVOR Garage Tiles Interlocking, 12'' x 12'', 25 Pack, Black Garage Floor Covering Tiles, Non-Slip Diamond Plate Garage Flooring Tiles, Support up to 55,000 lbs for Basements, Gyms, Repair Shops","VEVOR","[""Tools & Home Improvement"",""Building Supplies"",""Building Materials"",""Flooring"",""Flooring Materials"",""Rubber Flooring""]","Real ecommerce product listing from Amazon sample. V8.2 retained only the primary listing image after exact-record, download, and commercial-layout checks.","False","True","Amazon sample","https://www.amazon.com/dp/B0B6FFGW5X?th=1&psc=1&currency=USD&language=en_GB","GENERAL_COMMERCIAL"
"SLEEKLIGHTING E26 Standard Screw Base 13Watt CFL Light Bulb - 3 Pack, 5000 Kelvin for Pure White Daylight and 800 Lumens (65 Watt Incandescent Light Bulb Equivalent) - UL Listed","SLEEKLIGHTING","[""Tools & Home Improvement"",""Light Bulbs"",""Fluorescent Tubes""]","Real ecommerce product listing from Amazon sample. V8.2 retained only the primary listing image after exact-record, download, and commercial-layout checks.","False","True","Amazon sample","https://www.amazon.com/dp/B0889KTLXJ?th=1&psc=1&currency=USD&language=en_GB","GENERAL_COMMERCIAL"
"Drawealth Touch Control Traditional Table Lamp Set of 2,3-Way Dimmable Farmhouse Bedside Table Lamps with 2 USB Charging Ports Vintage Rustic Table Lamps for Living Room Bedroom Office Study","Drawealth","[""Tools & Home Improvement"",""Lighting & Ceiling Fans"",""Lamps & Shades"",""Table Lamps""]","Real ecommerce product listing from Amazon sample. V8.2 retained only the primary listing image after exact-record, download, and commercial-layout checks.","False","True","Amazon sample","https://www.amazon.com/Control-Traditional-Dimmable-Farmhouse-Charging/dp/B09MDNKLM7/ref=sr_1_2001?qid=1685370546&rnid=495224&s=hi&sr=1-2001","GENERAL_COMMERCIAL"
"Oregon S40 AdvanceCut Chainsaw/Pole Saw Chain for 10-Inch Bar, 40 Drive Links, Low-kickback, Fits Echo, Sun Joe, Greenworks and more","Oregon","[""Patio, Lawn & Garden"",""Outdoor Power Tools"",""Replacement Parts & Accessories"",""Chainsaw Parts & Accessories"",""Chains""]","Real ecommerce product listing from Amazon sample. V8.2 retained only the primary listing image after exact-record, download, and commercial-layout checks.","False","True","Amazon sample","https://www.amazon.com/Oregon-S40-AdvanceCut-Craftsman-Remington/dp/B00004RA8I","GENERAL_COMMERCIAL"
"VIVOHOME Stadium Seats with Back Support and Cushion, 2 Pack Portable Bleacher Chairs with Cup Holder, Storage Bags and Shoulder Strap, Black and Blue","VIVOHOME","[""Sports & Outdoors"",""Sports & Outdoor Recreation Accessories"",""Field, Court & Rink Equipment"",""Stadium Seats & Cushions""]","Real ecommerce product listing from Amazon sample. V8.2 retained only the primary listing image after exact-record, download, and commercial-layout checks.","False","True","Amazon sample","https://www.amazon.com/dp/B0CKV4ZN8G?th=1&psc=1&currency=USD&language=en_GB","GENERAL_COMMERCIAL"
"Extreme Max 3006.2459 BoatTector Double Braid Nylon Dock Line - 1/2"" x 20', Neon Yellow","Extreme Max","[""Sports & Outdoors"",""Sports"",""Boating & Sailing"",""Boating"",""Docking & Anchoring Equipment"",""Dock Lines & Rope""]","Real ecommerce product listing from Amazon sample. V8.2 retained only the primary listing image after exact-record, download, and commercial-layout checks.","False","True","Amazon sample","https://www.amazon.com/Extreme-Max-3006-2459-BoatTector-Double/dp/B07BMD1KTN?th=1&psc=1&currency=USD&language=en_GB","GENERAL_COMMERCIAL"
"USB C to USB C Charger Cable for Apple 10ft 60w, 4 Pack Long Type C to Type C Fast Charging Cord for iPhone 15/15 Pro/15 Plus/15 Pro Max, for MacBook Pro 2020, iPad Mini 6/ Pro, iPad Air 4/5, (White)","LDHTY","[""Electronics"",""Computers & Accessories"",""Computer Accessories & Peripherals"",""Cables & Accessories"",""Cables & Interconnects"",""USB Cables""]","Real ecommerce product listing from Amazon sample. V8.2 retained only the primary listing image after exact-record, download, and commercial-layout checks.","False","True","Amazon sample","https://www.amazon.com/Charger-Cable-Charging-iPhone-MacBook/dp/B0CMCLXJPQ?th=1&psc=1&currency=USD&language=en_GB","GENERAL_COMMERCIAL"
"PROHEAR FEP01 Replacement Foam Ear Pads (Upgraded) for 3M WorkTunes Connect(90543, 90544, 90542, 90541), ZOHAN EM042 Radio Headphone (fep01 2 Pair)","PROHEAR","[""Electronics"",""Headphones, Earbuds & Accessories"",""Earpads""]","Real ecommerce product listing from Amazon sample. V8.2 retained only the primary listing image after exact-record, download, and commercial-layout checks.","False","True","Amazon sample","https://www.amazon.com/PROHEAR-Replacement-WorkTunes-Connect-Protector/dp/B082V6GGXC","GENERAL_COMMERCIAL"
"Safco Products Canmeleon Outdoor/Indoor Recessed Panel Trash Can with Ash Urn 9477BL, Black, Decorative Fluted Panels, Stainless Steel Ashtray, 38 Gallon Capacity","Safco Products","[""Industrial & Scientific"",""Janitorial & Sanitation Supplies"",""Waste Receptacles & Liners"",""Trash Cans""]","Real ecommerce product listing from Amazon sample. V8.2 retained only the primary listing image after exact-record, download, and commercial-layout checks.","False","True","Amazon sample","https://www.amazon.com/dp/B00YR8PU0Q?language=en_US&currency=USD","GENERAL_COMMERCIAL"
"220V to 110V Voltage Converter US to Europe Travel Plug Adapter for Hair Dryer International Universal Travel Adapter with 2 USB A and 2 USB C, Power Converter Adapter Combo for US/EU/UK/AUS","IPLUSO","[""Electronics"",""Power Accessories"",""Power Converters""]","Real ecommerce product listing from Amazon sample. V8.2 retained only the primary listing image after exact-record, download, and commercial-layout checks.","False","True","Amazon sample","https://www.amazon.com/dp/B0CPT1QLQR?th=1&psc=1&currency=USD&language=en_GB","GENERAL_COMMERCIAL"
"Victorinox Classic Precious Alox Pocket Knife (Infinite Grey)","Victorinox","[""Tools & Home Improvement"",""Power & Hand Tools"",""Hand Tools"",""Knives, Parts & Accessories"",""Knives"",""Pocket Knives & Folding Knives""]","Real ecommerce product listing from Amazon sample. V8.2 retained only the primary listing image after exact-record, download, and commercial-layout checks.","False","True","Amazon sample","https://www.amazon.com/Victorinox-Classic-Precious-Pocket-Knife/dp/B09JR72NKY","GENERAL_COMMERCIAL"
"Prepac Stylish Flat Wood Panel Headboard for King Size Beds, Simplistic Wooden King Headboard 2.25"" D x 81"" W x 48"" H, Black, BHFK-1301-1","Prepac","[""Home & Kitchen"",""Furniture"",""Bedroom Furniture"",""Beds, Frames & Bases"",""Headboards & Footboards"",""Headboards""]","Real ecommerce product listing from Amazon sample. V8.2 retained only the primary listing image after exact-record, download, and commercial-layout checks.","False","True","Amazon sample","https://www.amazon.com/dp/B07DWC3HPP?th=1&psc=1&currency=USD&language=en_GB","GENERAL_COMMERCIAL"
"BENTOBEN iPhone 6S Plus Case, iPhone 6 Plus Case, Heavy Duty Rugged Shockproof 3 in 1 Hybrid Hard PC Soft Silicone Bumper Protective Phone Case for iPhone 6S Plus/iPhone 6 Plus (5.5 Inch), Gunmetal","BENTOBEN","[""Cell Phones & Accessories"",""Cases, Holsters & Sleeves"",""Basic Cases""]","Real ecommerce product listing from Amazon sample. V8.2 retained only the primary listing image after exact-record, download, and commercial-layout checks.","False","True","Amazon sample","https://www.amazon.com/BENTOBEN-Shockproof-Silicone-Protective-Gunmetal/dp/B07R4H7WNS","GENERAL_COMMERCIAL"
"Extra Large Orchid Flowers Canvas Print - Abstract Turquoise Floral Wall Art Painting Decor for Home Decoration Artwork Picture Bedroom Green Floral (A,Oversize 80x40inch)","LUDUHU","[""Home & Kitchen"",""Wall Art"",""Posters & Prints""]","Real ecommerce product listing from Amazon sample. V8.2 retained only the primary listing image after exact-record, download, and commercial-layout checks.","False","True","Amazon sample","https://www.amazon.com/dp/B095NRHT84?language=en_US&currency=USD","GENERAL_COMMERCIAL"
"IOGEAR 2-Port USB HDMI Cabled KVM Switch - 1920 x 1200 60Hz - Hotkey or Remote Button Switch - 2.1 Stereo - USB 2.0 Mouse Port Can Be Used As USB Hub and USB Peripheral Sharing - Mac / Win - GCS62HU","IOGEAR","[""Electronics"",""Computers & Accessories"",""Computer Components"",""External Components"",""KVM Switches""]","Real ecommerce product listing from Amazon sample. V8.2 retained only the primary listing image after exact-record, download, and commercial-layout checks.","False","True","Amazon sample","https://www.amazon.com/dp/B004YCUDMU?th=1&psc=1&currency=USD&language=en_GB","GENERAL_COMMERCIAL"
"GearIT HDMI Cable (2-Pack / 6.6ft / 2m) High-Speed HDMI 2.0b, 4K 60hz, 3D, ARC, HDCP 2.2, HDR, 18Gbps - Nylon Braided Cord","GearIT","[""Electronics"",""Television & Video"",""Accessories"",""Cables"",""HDMI Cables""]","Real ecommerce product listing from Amazon sample. V8.2 retained only the primary listing image after exact-record, download, and commercial-layout checks.","False","True","Amazon sample","https://www.amazon.com/dp/B08B3HYC45?language=en_US&currency=USD","GENERAL_COMMERCIAL"
"Glow in The Dark Glitter, SEISSO 12 Bottles Luminous Glitter with UV Flashlight Set, 10g/Bottle Chunky Glitter Powder for Resin Arts Crafts, Body Face Nail Glitter, Tumbler Slime Glitter","SEISSO","[""Arts, Crafts & Sewing"",""Painting, Drawing & Art Supplies"",""Painting"",""Paint Making Materials""]","Real ecommerce product listing from Amazon sample. V8.2 retained only the primary listing image after exact-record, download, and commercial-layout checks.","False","True","Amazon sample","https://www.amazon.com/dp/B09WXTZP72?language=en_US&currency=USD","GENERAL_COMMERCIAL"
"Sterilite Cake Server See-Through Lid, White Base, 4-Pack","Sterilite","[""Home & Kitchen"",""Kitchen & Dining"",""Dining & Entertaining"",""Flatware"",""Servers"",""Cake, Pie & Pastry Servers""]","Real ecommerce product listing from Amazon sample. V8.2 retained only the primary listing image after exact-record, download, and commercial-layout checks.","False","True","Amazon sample","https://www.amazon.com/Sterilite-02008004-Server-See-Through-4-Pack/dp/B004GXB5YM?th=1&psc=1&currency=USD&language=en_GB","GENERAL_COMMERCIAL"
"beukei (3 Pack) Compatible for ANS Artia Screen Protector Tempered Glass Touch Sensitive,Case Friendly, 9H Hardness,for ANS Artia ACK2326 Screen Protector","beukei","[""Cell Phones & Accessories"",""Accessories"",""Maintenance, Upkeep & Repairs"",""Screen Protectors""]","Real ecommerce product listing from Amazon sample. V8.2 retained only the primary listing image after exact-record, download, and commercial-layout checks.","False","True","Amazon sample","https://www.amazon.com/beukei-Compatible-Protector-Tempered-Sensitive/dp/B0BW2T7S4H","GENERAL_COMMERCIAL"
"World of Eric Carle | Brown Bear, Brown Bear, What Do You See? Bilingual Learning Cards | English and Spanish, 54ct","Carson Dellosa Education","[""Office Products"",""Office & School Supplies"",""Education & Crafts"",""Early Childhood Education Materials""]","Real ecommerce product listing from Amazon sample. V8.2 retained only the primary listing image after exact-record, download, and commercial-layout checks.","False","True","Amazon sample","https://www.amazon.com/dp/148385454X?language=en_US&currency=USD","GENERAL_COMMERCIAL"
"Pelvic Floor Muscle and Inner Thigh Master kegel Exerciser Toner for Women and Man, Leg Workout Exercise Equipment Device HIPS Pelvis Buttock Trainer abductor Machine kegal excersize Toner","Aiyazhi","[""Sports & Outdoors"",""Exercise & Fitness"",""Strength Training Equipment"",""Strength Training Devices"",""Thigh & Hip Strengtheners""]","Real ecommerce product listing from Amazon sample. V8.2 retained only the primary listing image after exact-record, download, and commercial-layout checks.","False","True","Amazon sample","https://www.amazon.com/dp/B09WJYQ6NG?th=1&psc=1&currency=USD&language=en_GB","GENERAL_COMMERCIAL"
"Avery 3"" Economy View 3 Ring Binder, Round Ring, Holds 8.5"" x 11"" Paper, 1 White Binder (5741)","AVERY","[""Office Products"",""Office & School Supplies"",""Binders & Binding Systems"",""Binders"",""Round Ring Binders""]","Real ecommerce product listing from Amazon sample. V8.2 retained only the primary listing image after exact-record, download, and commercial-layout checks.","False","True","Amazon sample","https://www.amazon.com/dp/B00INKVS82?language=en_US&currency=USD","GENERAL_COMMERCIAL"
"SMITH Engage MTB Cycling Helmet – Adult Mountain Bike Helmet with MIPS Technology + Koroyd Coverage – Lightweight Impact Protection for Men & Women – Adjustable Visor","Smith","[""Sports & Outdoors"",""Sports"",""Cycling"",""Helmets & Accessories"",""Adult Helmets""]","Real ecommerce product listing from Amazon sample. V8.2 retained only the primary listing image after exact-record, download, and commercial-layout checks.","False","True","Amazon sample","https://www.amazon.com/SMITH-Engage-MTB-Cycling-Helmet/dp/B09R6N931G?th=1&psc=1&currency=USD&language=en_GB","GENERAL_COMMERCIAL"
"KOHLER T10358-4-CP K-T10358-4-CP, one-size, Polished Chrome","Kohler","[""Tools & Home Improvement"",""Rough Plumbing"",""Faucet Parts"",""Trim & Repair Kits""]","Real ecommerce product listing from Amazon sample. V8.2 retained only the primary listing image after exact-record, download, and commercial-layout checks.","False","True","Amazon sample","https://www.amazon.com/KOHLER-K-T10358-4-CP-Devonshire-Control-Polished/dp/B002C61V7Q","GENERAL_COMMERCIAL"
"SPYPOINT LINK-MICRO-LTE Trail Camera-4 LED Infrared Flash with 80'f Detection and Motion Sensor,LTECapable Cellular Game Camera 10MP 0.5sec Trigger Speed,Cell Cameras for Hunting-For USA only","SPYPOINT","[""Sports & Outdoors"",""Hunting & Fishing"",""Shooting"",""Optics"",""Game & Trail Cameras""]","Real ecommerce product listing from Amazon sample. V8.2 retained only the primary listing image after exact-record, download, and commercial-layout checks.","False","True","Amazon sample","https://www.amazon.com/SPYPOINT-LINK-MICRO-LTE-Link-Micro-LTE-SPP/dp/B086SFX4VP?th=1&psc=1&currency=USD&language=en_GB","GENERAL_COMMERCIAL"
"Brother TN-620 DCP-8080 8085 HL-5340D 5350 5370 MFC-8480 8680 8690 8890 Toner -Cartridge (Black) in Retail Packaging, 1 Size","Brother","[""Office Products"",""Office Electronics"",""Printers & Accessories"",""Printer Parts & Accessories"",""Printer Ink & Toner"",""Toner Cartridges""]","Real ecommerce product listing from Amazon sample. V8.2 retained only the primary listing image after exact-record, download, and commercial-layout checks.","False","True","Amazon sample","https://www.amazon.com/dp/B00JPBZOJ2?language=en_US&currency=USD","GENERAL_COMMERCIAL"
"GPX PC332B Portable CD Player with Anti-Skip Protection, FM Radio and Stereo Earbuds - Black","GPX","[""Electronics"",""Portable Audio & Video"",""Portable CD Players""]","Real ecommerce product listing from Amazon sample. V8.2 retained only the primary listing image after exact-record, download, and commercial-layout checks.","False","True","Amazon sample","https://www.amazon.com/GPX-PC332B-Portable-Anti-Skip-Protection/dp/B007XP893K","GENERAL_COMMERCIAL"
"JOYSTAR Whizz Kids Bike 12 14 16 18 Inch Kids' Bicycle for Toddler and Kids Ages 2-9 Years Old, Children BMX Bicycles with Training Wheels for Boys Girls, Multiple Colors","JOYSTAR","[""Sports & Outdoors"",""Sports"",""Cycling"",""Kids' Bikes & Accessories"",""Kids' Bikes""]","Real ecommerce product listing from Amazon sample. V8.2 retained only the primary listing image after exact-record, download, and commercial-layout checks.","False","True","Amazon sample","https://www.amazon.com/JOYSTAR-Children-Bicycles-Training-Multiple/dp/B086VZLS12?th=1&psc=1&currency=USD&language=en_GB","GENERAL_COMMERCIAL"
"Satin Sash (gold) Party Accessory (1 count) (1/Pkg)","The Beistle Company","[""Home & Kitchen"",""Event & Party Supplies"",""Favors"",""Multi-Item Party Favor Packs""]","Real ecommerce product listing from Amazon sample. V8.2 retained only the primary listing image after exact-record, download, and commercial-layout checks.","False","True","Amazon sample","https://www.amazon.com/Satin-Sash-Party-Accessory-count/dp/B004X0Q1ZQ","GENERAL_COMMERCIAL"
"Irwin Tools 1882783 SPEEDBOR Countersink Wood Drill Bit, Number-10","IRWIN","[""Tools & Home Improvement"",""Power & Hand Tools"",""Power Tool Parts & Accessories"",""Power Drill Parts & Accessories"",""Drill Bits"",""Countersink Drill Bits""]","Real ecommerce product listing from Amazon sample. V8.2 retained only the primary listing image after exact-record, download, and commercial-layout checks.","False","True","Amazon sample","https://www.amazon.com/Irwin-Tools-1882783-Countersink-Number-10/dp/B00IZFI0VI","GENERAL_COMMERCIAL"
"LOVSPATIO Mid-Century Accent Chair, Modern Upholstered Living Room Chairs, Chenille Fabric Comfy Reading Chair with Arm and Wood Legs for Bedroom Waiting Room Office (Black&White)","LOVSPATIO","[""Home & Kitchen"",""Furniture"",""Living Room Furniture"",""Chairs""]","Real ecommerce product listing from Amazon sample. V8.2 retained only the primary listing image after exact-record, download, and commercial-layout checks.","False","True","Amazon sample","https://www.amazon.com/LOVSPATIO-Mid-Century-Upholstered-Chenille-Reading/dp/B0C5D667DG","GENERAL_COMMERCIAL"
"Seagate Expansion 18TB External Hard Drive HDD - USB 3.0, with Rescue Data Recovery Services (STKP18000400)","Seagate","[""Electronics"",""Computers & Accessories"",""Data Storage"",""External Hard Drives""]","Real ecommerce product listing from Amazon sample. V8.2 retained only the primary listing image after exact-record, download, and commercial-layout checks.","False","True","Amazon sample","https://www.amazon.com/Seagate-Expansion-STKP18000400-Desktop-Drive/dp/B092R6HW7L?th=1&psc=1&currency=USD&language=en_GB","GENERAL_COMMERCIAL"
"Spectra Fuel Tank GM51C","Spectra Premium","[""Automotive"",""Replacement Parts"",""Fuel System"",""Fuel Tanks & Accessories"",""Fuel Tanks""]","Real ecommerce product listing from Amazon sample. V8.2 retained only the primary listing image after exact-record, download, and commercial-layout checks.","False","True","Amazon sample","https://www.amazon.com/dp/B001QUNCBC?language=en_US&currency=USD","GENERAL_COMMERCIAL"
"Ancor Tinned Copper Lugs 8 AWG - 4/0 AWG","Ancor","[""Industrial & Scientific"",""Industrial Electrical"",""Wiring & Connecting"",""Terminals"",""Ring""]","Real ecommerce product listing from Amazon sample. V8.2 retained only the primary listing image after exact-record, download, and commercial-layout checks.","False","True","Amazon sample","https://www.amazon.com/Ancor-Tinned-Copper-Lugs-AWG/dp/B000NI5CWK?th=1&psc=1&currency=USD&language=en_GB","GENERAL_COMMERCIAL"
"LASCO 15-1623 PVC Hose Adapter with 3/4-Inch Female Hose and 3/4-Inch PVC Pipe Glue Connection, White","LASCO","[""Tools & Home Improvement"",""Plumbing"",""Pipes, Pipe Fittings & Accessories"",""Pipe Fittings""]","Real ecommerce product listing from Amazon sample. V8.2 retained only the primary listing image after exact-record, download, and commercial-layout checks.","False","True","Amazon sample","https://www.amazon.com/dp/B00ITPIG54?th=1&psc=1&currency=USD&language=en_GB","GENERAL_COMMERCIAL"
