"item_name","variant_name","sku","barcode","description","active","image_file","source_image_url","source_product_url","verification_status","primary_image_field","packshot_edge_background_ratio","packshot_overall_background_ratio"
"LuxUrux Toilet Lid Cover, Extra-Soft Plush Seat Cloud Washable Shaggy Microfiber Standard Toilet Lid Covers for Bathroom Machine Wash & Dry. (18 x 21'', Charcoal)","Standard","AMZ-B08BG7QL1R","","LuxUrux Toilet Lid Cover, Extra-Soft Plush Seat Cloud Washable Shaggy Microfiber Standard Toilet Lid Covers for Bathroom Machine Wash & Dry. (18 x 21'', Charcoal) - Standard","True","images/AMZ-B08BG7QL1R.jpg","","https://www.amazon.com/LuxUrux-Extra-Soft-Washable-Microfiber-Elongated/dp/B08BG7QL1R","VERIFIED_COMMERCIAL_PACKSHOT","image_url","0.635","0.468"
"NICETOWN Room Darkening Tier Valance - 52 inches by 18 inches Scalloped Rod Pocket Valance Curtain Panel for Small/Bay/Kitchen/Bathroom Window, Biscotti Beige, 1 Panel","Standard","AMZ-B01GPNHFGW","","NICETOWN Room Darkening Tier Valance - 52 inches by 18 inches Scalloped Rod Pocket Valance Curtain Panel for Small/Bay/Kitchen/Bathroom Window, Biscotti Beige, 1 Panel - Standard","True","images/AMZ-B01GPNHFGW.jpg","","https://www.amazon.com/NICETOWN-Room-Darkening-Tier-Valance/dp/B01GPNI188","VERIFIED_COMMERCIAL_PACKSHOT","image_url","0.902","0.716"
"Hardwired LED Under Cabinet Lighting - 16 Watt, 24"", Dimmable, CRI>90, 3000K (Warm White), Under Cabinet Lights for Kitchen - Wide Body, Long Lasting Metal Base with Frost Lens - Under Counter Lights","Standard","AMZ-B06XXSR7CQ","","Hardwired LED Under Cabinet Lighting - 16 Watt, 24"", Dimmable, CRI>90, 3000K (Warm White), Under Cabinet Lights for Kitchen - Wide Body, Long Lasting Metal Base with Frost Lens - Under Counter Lights - Standard","True","images/AMZ-B06XXSR7CQ.jpg","","https://www.amazon.com/dp/B06XXSR7CQ?th=1&psc=1&currency=USD&language=en_GB","VERIFIED_COMMERCIAL_PACKSHOT","image_url","0.886","0.685"
"Micro Kickboard - Maxi Original 3-Wheeled, Lean-to-Steer, Swiss-Designed Micro Scooter for Kids, Ages 5-12","Standard","AMZ-B07BW53Z3R","","Micro Kickboard - Maxi Original 3-Wheeled, Lean-to-Steer, Swiss-Designed Micro Scooter for Kids, Ages 5-12 - Standard","True","images/AMZ-B07BW53Z3R.jpg","","https://www.amazon.com/Micro-Original-3-Wheeled-Swiss-Designed-Scooter/dp/B07BW53Z3R","VERIFIED_COMMERCIAL_PACKSHOT","image_url","0.994","0.86"
"Cricut Premium Permanent Vinyl Warm Colors Bundle Autumn Fall Harvest for Walls Decals Decorations Signs","Standard","AMZ-B07TC4HTJ2","","Cricut Premium Permanent Vinyl Warm Colors Bundle Autumn Fall Harvest for Walls Decals Decorations Signs - Standard","True","images/AMZ-B07TC4HTJ2.jpg","","https://www.amazon.com/dp/B07TC4HTJ2?language=en_US&currency=USD","VERIFIED_COMMERCIAL_PACKSHOT","image_url","0.825","0.51"
"VEVOR Garage Tiles Interlocking, 12'' x 12'', 25 Pack, Black Garage Floor Covering Tiles, Non-Slip Diamond Plate Garage Flooring Tiles, Support up to 55,000 lbs for Basements, Gyms, Repair Shops","Standard","AMZ-B0B6FFGW5X","","VEVOR Garage Tiles Interlocking, 12'' x 12'', 25 Pack, Black Garage Floor Covering Tiles, Non-Slip Diamond Plate Garage Flooring Tiles, Support up to 55,000 lbs for Basements, Gyms, Repair Shops - Standard","True","images/AMZ-B0B6FFGW5X.jpg","","https://www.amazon.com/dp/B0B6FFGW5X?th=1&psc=1&currency=USD&language=en_GB","VERIFIED_COMMERCIAL_PACKSHOT","image_url","0.838","0.443"
"SLEEKLIGHTING E26 Standard Screw Base 13Watt CFL Light Bulb - 3 Pack, 5000 Kelvin for Pure White Daylight and 800 Lumens (65 Watt Incandescent Light Bulb Equivalent) - UL Listed","Standard","AMZ-B0889KTLXJ","850014716226","SLEEKLIGHTING E26 Standard Screw Base 13Watt CFL Light Bulb - 3 Pack, 5000 Kelvin for Pure White Daylight and 800 Lumens (65 Watt Incandescent Light Bulb Equivalent) - UL Listed - Standard","True","images/AMZ-B0889KTLXJ.jpg","","https://www.amazon.com/dp/B0889KTLXJ?th=1&psc=1&currency=USD&language=en_GB","VERIFIED_COMMERCIAL_PACKSHOT","image_url","0.985","0.935"
"Drawealth Touch Control Traditional Table Lamp Set of 2,3-Way Dimmable Farmhouse Bedside Table Lamps with 2 USB Charging Ports Vintage Rustic Table Lamps for Living Room Bedroom Office Study","Standard","AMZ-B09MDNKLM7","","Drawealth Touch Control Traditional Table Lamp Set of 2,3-Way Dimmable Farmhouse Bedside Table Lamps with 2 USB Charging Ports Vintage Rustic Table Lamps for Living Room Bedroom Office Study - Standard","True","images/AMZ-B09MDNKLM7.jpg","","https://www.amazon.com/Control-Traditional-Dimmable-Farmhouse-Charging/dp/B09MDNKLM7/ref=sr_1_2001?qid=1685370546&rnid=495224&s=hi&sr=1-2001","VERIFIED_COMMERCIAL_PACKSHOT","image_url","0.902","0.586"
"Oregon S40 AdvanceCut Chainsaw/Pole Saw Chain for 10-Inch Bar, 40 Drive Links, Low-kickback, Fits Echo, Sun Joe, Greenworks and more","Standard","AMZ-B085ZLLWBQ","","Oregon S40 AdvanceCut Chainsaw/Pole Saw Chain for 10-Inch Bar, 40 Drive Links, Low-kickback, Fits Echo, Sun Joe, Greenworks and more - Standard","True","images/AMZ-B085ZLLWBQ.jpg","","https://www.amazon.com/Oregon-S40-AdvanceCut-Craftsman-Remington/dp/B00004RA8I","VERIFIED_COMMERCIAL_PACKSHOT","image_url","0.962","0.663"
"VIVOHOME Stadium Seats with Back Support and Cushion, 2 Pack Portable Bleacher Chairs with Cup Holder, Storage Bags and Shoulder Strap, Black and Blue","Standard","AMZ-B0CKV4ZN8G","","VIVOHOME Stadium Seats with Back Support and Cushion, 2 Pack Portable Bleacher Chairs with Cup Holder, Storage Bags and Shoulder Strap, Black and Blue - Standard","True","images/AMZ-B0CKV4ZN8G.jpg","","https://www.amazon.com/dp/B0CKV4ZN8G?th=1&psc=1&currency=USD&language=en_GB","VERIFIED_COMMERCIAL_PACKSHOT","image_url","0.798","0.46"
"Extreme Max 3006.2459 BoatTector Double Braid Nylon Dock Line - 1/2"" x 20', Neon Yellow","Standard","AMZ-B07BMD1KTN","","Extreme Max 3006.2459 BoatTector Double Braid Nylon Dock Line - 1/2"" x 20', Neon Yellow - Standard","True","images/AMZ-B07BMD1KTN.jpg","","https://www.amazon.com/Extreme-Max-3006-2459-BoatTector-Double/dp/B07BMD1KTN?th=1&psc=1&currency=USD&language=en_GB","VERIFIED_COMMERCIAL_PACKSHOT","image_url","0.946","0.792"
"USB C to USB C Charger Cable for Apple 10ft 60w, 4 Pack Long Type C to Type C Fast Charging Cord for iPhone 15/15 Pro/15 Plus/15 Pro Max, for MacBook Pro 2020, iPad Mini 6/ Pro, iPad Air 4/5, (White)","Standard","AMZ-B0CMCLXJPQ","","USB C to USB C Charger Cable for Apple 10ft 60w, 4 Pack Long Type C to Type C Fast Charging Cord for iPhone 15/15 Pro/15 Plus/15 Pro Max, for MacBook Pro 2020, iPad Mini 6/ Pro, iPad Air 4/5, (White) - Standard","True","images/AMZ-B0CMCLXJPQ.jpg","","https://www.amazon.com/Charger-Cable-Charging-iPhone-MacBook/dp/B0CMCLXJPQ?th=1&psc=1&currency=USD&language=en_GB","VERIFIED_COMMERCIAL_PACKSHOT","image_url","0.995","0.877"
"PROHEAR FEP01 Replacement Foam Ear Pads (Upgraded) for 3M WorkTunes Connect(90543, 90544, 90542, 90541), ZOHAN EM042 Radio Headphone (fep01 2 Pair)","Standard","AMZ-B082V6GGXC","","PROHEAR FEP01 Replacement Foam Ear Pads (Upgraded) for 3M WorkTunes Connect(90543, 90544, 90542, 90541), ZOHAN EM042 Radio Headphone (fep01 2 Pair) - Standard","True","images/AMZ-B082V6GGXC.jpg","","https://www.amazon.com/PROHEAR-Replacement-WorkTunes-Connect-Protector/dp/B082V6GGXC","VERIFIED_COMMERCIAL_PACKSHOT","image_url","0.853","0.466"
"Safco Products Canmeleon Outdoor/Indoor Recessed Panel Trash Can with Ash Urn 9477BL, Black, Decorative Fluted Panels, Stainless Steel Ashtray, 38 Gallon Capacity","Standard","AMZ-B00YR8PU0Q","804993619658","Safco Products Canmeleon Outdoor/Indoor Recessed Panel Trash Can with Ash Urn 9477BL, Black, Decorative Fluted Panels, Stainless Steel Ashtray, 38 Gallon Capacity - Standard","True","images/AMZ-B00YR8PU0Q.jpg","","https://www.amazon.com/dp/B00YR8PU0Q?language=en_US&currency=USD","VERIFIED_COMMERCIAL_PACKSHOT","image_url","0.968","0.615"
"220V to 110V Voltage Converter US to Europe Travel Plug Adapter for Hair Dryer International Universal Travel Adapter with 2 USB A and 2 USB C, Power Converter Adapter Combo for US/EU/UK/AUS","Standard","AMZ-B0CPT1QLQR","","220V to 110V Voltage Converter US to Europe Travel Plug Adapter for Hair Dryer International Universal Travel Adapter with 2 USB A and 2 USB C, Power Converter Adapter Combo for US/EU/UK/AUS - Standard","True","images/AMZ-B0CPT1QLQR.jpg","","https://www.amazon.com/dp/B0CPT1QLQR?th=1&psc=1&currency=USD&language=en_GB","VERIFIED_COMMERCIAL_PACKSHOT","image_url","0.802","0.525"
"Victorinox Classic Precious Alox Pocket Knife (Infinite Grey)","Standard","AMZ-B09G9PJFBR","","Victorinox Classic Precious Alox Pocket Knife (Infinite Grey) - Standard","True","images/AMZ-B09G9PJFBR.jpg","","https://www.amazon.com/Victorinox-Classic-Precious-Pocket-Knife/dp/B09JR72NKY","VERIFIED_COMMERCIAL_PACKSHOT","image_url","0.989","0.732"
"Prepac Stylish Flat Wood Panel Headboard for King Size Beds, Simplistic Wooden King Headboard 2.25"" D x 81"" W x 48"" H, Black, BHFK-1301-1","Standard","AMZ-B07DWC3HPP","","Prepac Stylish Flat Wood Panel Headboard for King Size Beds, Simplistic Wooden King Headboard 2.25"" D x 81"" W x 48"" H, Black, BHFK-1301-1 - Standard","True","images/AMZ-B07DWC3HPP.jpg","","https://www.amazon.com/dp/B07DWC3HPP?th=1&psc=1&currency=USD&language=en_GB","VERIFIED_COMMERCIAL_PACKSHOT","image_url","0.702","0.651"
"BENTOBEN iPhone 6S Plus Case, iPhone 6 Plus Case, Heavy Duty Rugged Shockproof 3 in 1 Hybrid Hard PC Soft Silicone Bumper Protective Phone Case for iPhone 6S Plus/iPhone 6 Plus (5.5 Inch), Gunmetal","Standard","AMZ-B07Y7VHGWK","","BENTOBEN iPhone 6S Plus Case, iPhone 6 Plus Case, Heavy Duty Rugged Shockproof 3 in 1 Hybrid Hard PC Soft Silicone Bumper Protective Phone Case for iPhone 6S Plus/iPhone 6 Plus (5.5 Inch), Gunmetal - Standard","True","images/AMZ-B07Y7VHGWK.jpg","","https://www.amazon.com/BENTOBEN-Shockproof-Silicone-Protective-Gunmetal/dp/B07R4H7WNS","VERIFIED_COMMERCIAL_PACKSHOT","image_url","0.815","0.234"
"Extra Large Orchid Flowers Canvas Print - Abstract Turquoise Floral Wall Art Painting Decor for Home Decoration Artwork Picture Bedroom Green Floral (A,Oversize 80x40inch)","Standard","AMZ-B095NRHT84","","Extra Large Orchid Flowers Canvas Print - Abstract Turquoise Floral Wall Art Painting Decor for Home Decoration Artwork Picture Bedroom Green Floral (A,Oversize 80x40inch) - Standard","True","images/AMZ-B095NRHT84.jpg","","https://www.amazon.com/dp/B095NRHT84?language=en_US&currency=USD","VERIFIED_COMMERCIAL_PACKSHOT","image_url","0.749","0.421"
"IOGEAR 2-Port USB HDMI Cabled KVM Switch - 1920 x 1200 60Hz - Hotkey or Remote Button Switch - 2.1 Stereo - USB 2.0 Mouse Port Can Be Used As USB Hub and USB Peripheral Sharing - Mac / Win - GCS62HU","Standard","AMZ-B004YCUDMU","521227163090","IOGEAR 2-Port USB HDMI Cabled KVM Switch - 1920 x 1200 60Hz - Hotkey or Remote Button Switch - 2.1 Stereo - USB 2.0 Mouse Port Can Be Used As USB Hub and USB Peripheral Sharing - Mac / Win - GCS62HU - Standard","True","images/AMZ-B004YCUDMU.jpg","","https://www.amazon.com/dp/B004YCUDMU?th=1&psc=1&currency=USD&language=en_GB","VERIFIED_COMMERCIAL_PACKSHOT","image_url","0.947","0.689"
"GearIT HDMI Cable (2-Pack / 6.6ft / 2m) High-Speed HDMI 2.0b, 4K 60hz, 3D, ARC, HDCP 2.2, HDR, 18Gbps - Nylon Braided Cord","Standard","AMZ-B08B3HYC45","769272842205","GearIT HDMI Cable (2-Pack / 6.6ft / 2m) High-Speed HDMI 2.0b, 4K 60hz, 3D, ARC, HDCP 2.2, HDR, 18Gbps - Nylon Braided Cord - Standard","True","images/AMZ-B08B3HYC45.jpg","","https://www.amazon.com/dp/B08B3HYC45?language=en_US&currency=USD","VERIFIED_COMMERCIAL_PACKSHOT","image_url","0.855","0.432"
"Glow in The Dark Glitter, SEISSO 12 Bottles Luminous Glitter with UV Flashlight Set, 10g/Bottle Chunky Glitter Powder for Resin Arts Crafts, Body Face Nail Glitter, Tumbler Slime Glitter","Standard","AMZ-B09WXTZP72","","Glow in The Dark Glitter, SEISSO 12 Bottles Luminous Glitter with UV Flashlight Set, 10g/Bottle Chunky Glitter Powder for Resin Arts Crafts, Body Face Nail Glitter, Tumbler Slime Glitter - Standard","True","images/AMZ-B09WXTZP72.jpg","","https://www.amazon.com/dp/B09WXTZP72?language=en_US&currency=USD","VERIFIED_COMMERCIAL_PACKSHOT","image_url","0.851","0.48"
"Sterilite Cake Server See-Through Lid, White Base, 4-Pack","Standard","AMZ-B004GXB5YM","","Sterilite Cake Server See-Through Lid, White Base, 4-Pack - Standard","True","images/AMZ-B004GXB5YM.jpg","","https://www.amazon.com/Sterilite-02008004-Server-See-Through-4-Pack/dp/B004GXB5YM?th=1&psc=1&currency=USD&language=en_GB","VERIFIED_COMMERCIAL_PACKSHOT","image_url","0.943","0.876"
"beukei (3 Pack) Compatible for ANS Artia Screen Protector Tempered Glass Touch Sensitive,Case Friendly, 9H Hardness,for ANS Artia ACK2326 Screen Protector","Standard","AMZ-B0BW2T7S4H","","beukei (3 Pack) Compatible for ANS Artia Screen Protector Tempered Glass Touch Sensitive,Case Friendly, 9H Hardness,for ANS Artia ACK2326 Screen Protector - Standard","True","images/AMZ-B0BW2T7S4H.jpg","","https://www.amazon.com/beukei-Compatible-Protector-Tempered-Sensitive/dp/B0BW2T7S4H","VERIFIED_COMMERCIAL_PACKSHOT","image_url","0.787","0.699"
"World of Eric Carle | Brown Bear, Brown Bear, What Do You See? Bilingual Learning Cards | English and Spanish, 54ct","Standard","AMZ-148385454X","044222276171","World of Eric Carle | Brown Bear, Brown Bear, What Do You See? Bilingual Learning Cards | English and Spanish, 54ct - Standard","True","images/AMZ-148385454X.jpg","","https://www.amazon.com/dp/148385454X?language=en_US&currency=USD","VERIFIED_COMMERCIAL_PACKSHOT","image_url","0.952","0.77"
"Pelvic Floor Muscle and Inner Thigh Master kegel Exerciser Toner for Women and Man, Leg Workout Exercise Equipment Device HIPS Pelvis Buttock Trainer abductor Machine kegal excersize Toner","Standard","AMZ-B09WJYQ6NG","","Pelvic Floor Muscle and Inner Thigh Master kegel Exerciser Toner for Women and Man, Leg Workout Exercise Equipment Device HIPS Pelvis Buttock Trainer abductor Machine kegal excersize Toner - Standard","True","images/AMZ-B09WJYQ6NG.jpg","","https://www.amazon.com/dp/B09WJYQ6NG?th=1&psc=1&currency=USD&language=en_GB","VERIFIED_COMMERCIAL_PACKSHOT","image_url","1","0.791"
"Avery 3"" Economy View 3 Ring Binder, Round Ring, Holds 8.5"" x 11"" Paper, 1 White Binder (5741)","Standard","AMZ-B00INKVS82","","Avery 3"" Economy View 3 Ring Binder, Round Ring, Holds 8.5"" x 11"" Paper, 1 White Binder (5741) - Standard","True","images/AMZ-B00INKVS82.jpg","","https://www.amazon.com/dp/B00INKVS82?language=en_US&currency=USD","VERIFIED_COMMERCIAL_PACKSHOT","image_url","0.986","0.646"
"SMITH Engage MTB Cycling Helmet – Adult Mountain Bike Helmet with MIPS Technology + Koroyd Coverage – Lightweight Impact Protection for Men & Women – Adjustable Visor","Standard","AMZ-B09R6N931G","","SMITH Engage MTB Cycling Helmet – Adult Mountain Bike Helmet with MIPS Technology + Koroyd Coverage – Lightweight Impact Protection for Men & Women – Adjustable Visor - Standard","True","images/AMZ-B09R6N931G.jpg","","https://www.amazon.com/SMITH-Engage-MTB-Cycling-Helmet/dp/B09R6N931G?th=1&psc=1&currency=USD&language=en_GB","VERIFIED_COMMERCIAL_PACKSHOT","image_url","1","0.757"
"KOHLER T10358-4-CP K-T10358-4-CP, one-size, Polished Chrome","Standard","AMZ-B002C61V7Q","","KOHLER T10358-4-CP K-T10358-4-CP, one-size, Polished Chrome - Standard","True","images/AMZ-B002C61V7Q.jpg","","https://www.amazon.com/KOHLER-K-T10358-4-CP-Devonshire-Control-Polished/dp/B002C61V7Q","VERIFIED_COMMERCIAL_PACKSHOT","image_url","0.904","0.59"
"SPYPOINT LINK-MICRO-LTE Trail Camera-4 LED Infrared Flash with 80'f Detection and Motion Sensor,LTECapable Cellular Game Camera 10MP 0.5sec Trigger Speed,Cell Cameras for Hunting-For USA only","Standard","AMZ-B086SFX4VP","","SPYPOINT LINK-MICRO-LTE Trail Camera-4 LED Infrared Flash with 80'f Detection and Motion Sensor,LTECapable Cellular Game Camera 10MP 0.5sec Trigger Speed,Cell Cameras for Hunting-For USA only - Standard","True","images/AMZ-B086SFX4VP.jpg","","https://www.amazon.com/SPYPOINT-LINK-MICRO-LTE-Link-Micro-LTE-SPP/dp/B086SFX4VP?th=1&psc=1&currency=USD&language=en_GB","VERIFIED_COMMERCIAL_PACKSHOT","image_url","1","0.718"
"Brother TN-620 DCP-8080 8085 HL-5340D 5350 5370 MFC-8480 8680 8690 8890 Toner -Cartridge (Black) in Retail Packaging, 1 Size","Standard","AMZ-B00JPBZOJ2","","Brother TN-620 DCP-8080 8085 HL-5340D 5350 5370 MFC-8480 8680 8690 8890 Toner -Cartridge (Black) in Retail Packaging, 1 Size - Standard","True","images/AMZ-B00JPBZOJ2.jpg","","https://www.amazon.com/dp/B00JPBZOJ2?language=en_US&currency=USD","VERIFIED_COMMERCIAL_PACKSHOT","image_url","0.983","0.816"
"GPX PC332B Portable CD Player with Anti-Skip Protection, FM Radio and Stereo Earbuds - Black","Standard","AMZ-B01CO26G5Y","","GPX PC332B Portable CD Player with Anti-Skip Protection, FM Radio and Stereo Earbuds - Black - Standard","True","images/AMZ-B01CO26G5Y.jpg","","https://www.amazon.com/GPX-PC332B-Portable-Anti-Skip-Protection/dp/B007XP893K","VERIFIED_COMMERCIAL_PACKSHOT","image_url","0.711","0.258"
"JOYSTAR Whizz Kids Bike 12 14 16 18 Inch Kids' Bicycle for Toddler and Kids Ages 2-9 Years Old, Children BMX Bicycles with Training Wheels for Boys Girls, Multiple Colors","Standard","AMZ-B086VZLS12","","JOYSTAR Whizz Kids Bike 12 14 16 18 Inch Kids' Bicycle for Toddler and Kids Ages 2-9 Years Old, Children BMX Bicycles with Training Wheels for Boys Girls, Multiple Colors - Standard","True","images/AMZ-B086VZLS12.jpg","","https://www.amazon.com/JOYSTAR-Children-Bicycles-Training-Multiple/dp/B086VZLS12?th=1&psc=1&currency=USD&language=en_GB","VERIFIED_COMMERCIAL_PACKSHOT","image_url","0.921","0.723"
"Satin Sash (gold) Party Accessory (1 count) (1/Pkg)","Standard","AMZ-B004X0Q1ZQ","","Satin Sash (gold) Party Accessory (1 count) (1/Pkg) - Standard","True","images/AMZ-B004X0Q1ZQ.jpg","","https://www.amazon.com/Satin-Sash-Party-Accessory-count/dp/B004X0Q1ZQ","VERIFIED_COMMERCIAL_PACKSHOT","image_url","0.975","0.918"
"Irwin Tools 1882783 SPEEDBOR Countersink Wood Drill Bit, Number-10","Standard","AMZ-B00IZFI0VI","","Irwin Tools 1882783 SPEEDBOR Countersink Wood Drill Bit, Number-10 - Standard","True","images/AMZ-B00IZFI0VI.jpg","","https://www.amazon.com/Irwin-Tools-1882783-Countersink-Number-10/dp/B00IZFI0VI","VERIFIED_COMMERCIAL_PACKSHOT","image_url","0.955","0.864"
"LOVSPATIO Mid-Century Accent Chair, Modern Upholstered Living Room Chairs, Chenille Fabric Comfy Reading Chair with Arm and Wood Legs for Bedroom Waiting Room Office (Black&White)","Standard","AMZ-B0C27FDK63","","LOVSPATIO Mid-Century Accent Chair, Modern Upholstered Living Room Chairs, Chenille Fabric Comfy Reading Chair with Arm and Wood Legs for Bedroom Waiting Room Office (Black&White) - Standard","True","images/AMZ-B0C27FDK63.jpg","","https://www.amazon.com/LOVSPATIO-Mid-Century-Upholstered-Chenille-Reading/dp/B0C5D667DG","VERIFIED_COMMERCIAL_PACKSHOT","image_url","0.995","0.543"
"Seagate Expansion 18TB External Hard Drive HDD - USB 3.0, with Rescue Data Recovery Services (STKP18000400)","Standard","AMZ-B092R6HW7L","","Seagate Expansion 18TB External Hard Drive HDD - USB 3.0, with Rescue Data Recovery Services (STKP18000400) - Standard","True","images/AMZ-B092R6HW7L.jpg","","https://www.amazon.com/Seagate-Expansion-STKP18000400-Desktop-Drive/dp/B092R6HW7L?th=1&psc=1&currency=USD&language=en_GB","VERIFIED_COMMERCIAL_PACKSHOT","image_url","0.787","0.295"
"Spectra Fuel Tank GM51C","Standard","AMZ-B001QUNCBC","","Spectra Fuel Tank GM51C - Standard","True","images/AMZ-B001QUNCBC.jpg","","https://www.amazon.com/dp/B001QUNCBC?language=en_US&currency=USD","VERIFIED_COMMERCIAL_PACKSHOT","image_url","0.971","0.468"
"Ancor Tinned Copper Lugs 8 AWG - 4/0 AWG","Standard","AMZ-B000NI5CWK","","Ancor Tinned Copper Lugs 8 AWG - 4/0 AWG - Standard","True","images/AMZ-B000NI5CWK.jpg","","https://www.amazon.com/Ancor-Tinned-Copper-Lugs-AWG/dp/B000NI5CWK?th=1&psc=1&currency=USD&language=en_GB","VERIFIED_COMMERCIAL_PACKSHOT","image_url","0.96","0.646"
"LASCO 15-1623 PVC Hose Adapter with 3/4-Inch Female Hose and 3/4-Inch PVC Pipe Glue Connection, White","Standard","AMZ-B00ITPIG54","","LASCO 15-1623 PVC Hose Adapter with 3/4-Inch Female Hose and 3/4-Inch PVC Pipe Glue Connection, White - Standard","True","images/AMZ-B00ITPIG54.jpg","","https://www.amazon.com/dp/B00ITPIG54?th=1&psc=1&currency=USD&language=en_GB","VERIFIED_COMMERCIAL_PACKSHOT","image_url","1","0.769"
